#,"Date","Merchant","CNY","Category","Payment","City","Expense Type","Notes"
1,"2026-06-08 00:00:00","ESIMDOG",-47.18,"Shopping","Other","China","Irregular","data eSIM"
2,"2026-06-08 00:00:00","Dengba Hostel",-60.10,"Accommodation","Other","Shenzhen","Core","1 night Jun 8"
3,"2026-06-08 00:00:00","Dengba Hostel",-176.00,"Accommodation","Alipay","Shenzhen","Core","3 nights Jun 9-11"
4,"2026-06-08 14:44:48","Fast Food",-37.52,"Food","Alipay","Shenzhen","Core",""
5,"2026-06-08 00:00:00","Meiyijia",-11.50,"Food","WeChat","Shenzhen","Core",""
6,"2026-06-08 00:00:00","Shenzhen Metro (Octopus)",-2.00,"Transport","Other","Shenzhen","Core",""
7,"2026-06-09 06:55:09","Little Tadpole",-8.80,"Food","Alipay","Shenzhen","Core",""
8,"2026-06-09 08:26:05","Guangdong 7‑ELEVEN",-12.00,"Food","Alipay","Shenzhen","Core",""
9,"2026-06-12 00:00:00","Railway 12306",-23.49,"Intercity Transport","Alipay","Shenzhen","Irregular","SZ→Guangzhou (arrived Jun 12)"
10,"2026-06-09 11:14:07","Shenzhen Metro Group",-3.00,"Transport","Alipay","Shenzhen","Core",""
11,"2026-06-09 12:52:39","Bai Pin Qian Tiao",-21.32,"Food","Alipay","Shenzhen","Core",""
12,"2026-06-09 13:07:27","Chengxing Trading",-9.00,"Shopping","Alipay","Shenzhen","Irregular",""
13,"2026-06-09 14:24:34","Shenzhen Tong",-2.70,"Transport","Alipay","Shenzhen","Core",""
14,"2026-06-09 16:26:34","Shenzhen Tong",-5.00,"Transport","Alipay","Shenzhen","Core",""
15,"2026-06-09 16:35:15","Kuaima Xiansheng",-4.00,"Food","Alipay","Shenzhen","Core",""
16,"2026-06-09 18:00:58","Dengba (laundry)",-10.00,"Laundry","Alipay","Shenzhen","Irregular",""
17,"2026-06-09 18:57:43","Dengba (laundry)",-8.00,"Laundry","Alipay","Shenzhen","Irregular",""
18,"2026-06-09 20:49:54","Youxiang Membership",-9.90,"Subscription","Alipay","Shenzhen","Irregular",""
19,"2026-06-09 21:35:01","Fast Food",-19.90,"Food","Alipay","Shenzhen","Core",""
20,"2026-06-09 22:15:41","Shenzhen Tong",-2.00,"Transport","Alipay","Shenzhen","Core",""
21,"2026-06-10 11:01:22","Old Shanghai Wonton",-30.32,"Food","Alipay","Shenzhen","Core",""
22,"2026-06-10 11:42:21","Shenzhen Tong",-2.70,"Transport","Alipay","Shenzhen","Core",""
23,"2026-06-10 11:57:28","Shenzhen Maiya Dental",-98.00,"Personal Care","Alipay","China","Irregular",""
24,"2026-06-10 13:09:56","Shenzhen Tong",-2.00,"Transport","Alipay","Shenzhen","Core",""
25,"2026-06-10 14:38:45","Hellobike",-1.80,"Transport","Alipay","Shenzhen","Core",""
26,"2026-06-10 15:00:02","Shenzhen Tong",-3.00,"Transport","Alipay","Shenzhen","Core",""
27,"2026-06-10 15:02:34","Guangdong Lawson",-3.80,"Food","Alipay","Shenzhen","Core",""
28,"2026-06-10 17:31:52","Shenzhen Tong",-5.00,"Transport","Alipay","Shenzhen","Core",""
29,"2026-06-10 19:53:18","Can Can Hao",-24.49,"Food","Alipay","Shenzhen","Core",""
30,"2026-06-10 20:03:42","Kuaima Xiansheng",-2.86,"Food","Alipay","Shenzhen","Core",""
31,"2026-06-11 08:02:34","Changfen Wang",-14.00,"Food","Alipay","Shenzhen","Core",""
32,"2026-06-11 08:14:24","AvecToi Bakery",-15.32,"Food","Alipay","Shenzhen","Core",""
33,"2026-06-11 11:15:40","Shenzhen Tong",-1.70,"Transport","Alipay","Shenzhen","Core",""
34,"2026-06-11 12:17:32","Guangdong 7‑ELEVEN",-6.46,"Food","Alipay","Shenzhen","Core",""
35,"2026-06-11 13:18:32","Fast Food",-24.00,"Food","Alipay","Shenzhen","Core",""
36,"2026-06-11 13:58:07","Shenzhen Tong",-2.00,"Transport","Alipay","Shenzhen","Core",""
37,"2026-06-11 14:39:28","Fast Food",-12.00,"Food","Alipay","Shenzhen","Core",""
38,"2026-06-11 15:45:51","Shenzhen Tong",-2.00,"Transport","Alipay","Shenzhen","Core",""
39,"2026-06-11 16:11:53","Meituan (bike)",-1.80,"Transport","Alipay","Shenzhen","Core",""
40,"2026-06-11 18:02:23","Kuaima Xiansheng",-2.87,"Food","Alipay","Shenzhen","Core",""
41,"2026-06-11 18:05:26","Can Can Hao",-29.12,"Food","Alipay","Shenzhen","Core",""
42,"2026-06-11 18:41:42","Shenzhen Tong",-3.00,"Transport","Alipay","Shenzhen","Core",""
43,"2026-06-11 20:32:04","Shenzhen Tong",-3.00,"Transport","Alipay","Shenzhen","Core",""
44,"2026-06-11 21:48:46","Meituan (auto)",-2.80,"Transport","Alipay","Shenzhen","Core","(bike)"
45,"2026-06-11 00:00:00","SEG Plaza (cable)",-20.00,"Shopping","Other","Shenzhen","Irregular",""
46,"2026-06-12 09:00:20","Shenzhen Tong",-2.00,"Transport","Alipay","Shenzhen","Core",""
47,"2026-06-12 10:12:53","Shenzhen Tong",-4.00,"Transport","Alipay","Shenzhen","Core",""
48,"2026-06-12 10:25:03","Shenzhen Shentie Times",-18.32,"Food","Alipay","Shenzhen","Core",""
49,"2026-06-12 11:38:13","Eden Hostel",-114.00,"Accommodation","Alipay","Guangzhou","Core","2 nights Jun 12-13"
50,"2026-06-12 11:48:16","Eden deposit",-20.00,"Accommodation","Alipay","Guangzhou","Irregular","refundable"
51,"2026-06-12 14:34:07","Guangzhou Metro",-8.00,"Transport","Alipay","Guangzhou","Core",""
52,"2026-06-12 15:30:16","Fast Food",-33.50,"Food","Alipay","Guangzhou","Core",""
53,"2026-06-12 16:56:41","Guangzhou Metro",-4.00,"Transport","Alipay","Guangzhou","Core",""
54,"2026-06-12 17:48:55","Meituan (bike)",-3.50,"Transport","Alipay","Guangzhou","Core",""
55,"2026-06-12 00:00:00","Chinese SIM Card",-100.00,"Subscription","Other","China","Irregular",""
56,"2026-06-12 20:15:04","Guangzhou Metro",-4.00,"Transport","Alipay","Guangzhou","Core",""
57,"2026-06-12 20:19:36","Shenzhen Weiqi",-15.00,"Food","Alipay","Guangzhou","Core",""
58,"2026-06-12 20:25:56","Guangdong 7‑ELEVEN",-4.50,"Food","Alipay","Guangzhou","Core",""
59,"2026-06-14 00:00:00","Railway 12306",-181.00,"Intercity Transport","Alipay","Guangzhou","Irregular","Guangzhou → Guilin (arrived Jun 14)"
60,"2026-06-13 09:26:19","Fast Food",-31.32,"Food","Alipay","Guangzhou","Core",""
61,"2026-06-13 10:16:11","Guangzhou Metro",-4.00,"Transport","Alipay","Guangzhou","Core",""
62,"2026-06-13 11:25:19","Guangzhou Metro",-2.00,"Transport","Alipay","Guangzhou","Core",""
63,"2026-06-13 12:16:54","Meituan (bike)",-2.50,"Transport","Alipay","Guangzhou","Core",""
64,"2026-06-13 12:44:58","Guangzhou Metro",-4.00,"Transport","Alipay","Guangzhou","Core",""
65,"2026-06-13 12:50:36","Shenzhen Weiqi",-22.82,"Food","Alipay","Guangzhou","Core",""
66,"2026-06-13 13:58:01","AEON Guangzhou",-97.70,"Shopping","Alipay","Guangzhou","Irregular",""
67,"2026-06-13 15:03:25","Miniso",-24.90,"Shopping","Alipay","Guangzhou","Irregular",""
68,"2026-06-13 15:21:17","FamilyMart",-6.50,"Food","Alipay","Guangzhou","Core",""
69,"2026-06-13 19:18:14","Shenzhen Weiqi",-22.28,"Food","Alipay","Guangzhou","Core",""
70,"2026-06-14 06:33:33","Fast Food",-26.50,"Food","Alipay","Guangzhou","Core",""
71,"2026-06-14 07:52:22","Guangzhou Metro",-6.00,"Transport","Alipay","Guangzhou","Core",""
72,"2026-06-14 12:16:55","Guilin Public Transport",-1.80,"Transport","Alipay","Guilin","Core","bus"
73,"2026-06-14 13:02:26","Travel Light Hostel",-84.00,"Accommodation","Alipay","Guilin","Core","2 nights (Jun14-15, 42/night)"
74,"2026-06-14 13:20:50","Guilin Rice Noodles",-18.00,"Food","Alipay","Guilin","Core",""
75,"2026-06-14 13:42:12","Yebali (haircut)",-40.00,"Personal Care","Alipay","Guilin","Irregular",""
76,"2026-06-14 14:22:08","LxL (laundry)",-15.00,"Laundry","Alipay","Guilin","Irregular",""
77,"2026-06-14 17:10:17","Ma Mingxiang",-3.00,"Food","Alipay","Guilin","Core",""
78,"2026-06-14 17:32:54","Meituan (e-bike)",-3.00,"Transport","Alipay","Guilin","Core",""
79,"2026-06-14 17:49:51","Meituan (e-bike)",-3.00,"Transport","Alipay","Guilin","Core",""
80,"2026-06-14 18:04:52","Guilin Shuyuan Tourism",-30.00,"Activities","Alipay","Guilin","Irregular",""
81,"2026-06-14 19:23:42","Eden Hostel (refund)",+20.00,"Accommodation","Alipay","Guangzhou","Irregular","deposit refund"
82,"2026-06-14 19:54:22","Meituan (e-bike)",-3.00,"Transport","Alipay","Guilin","Core",""
83,"2026-06-14 21:18:57","Hainan Coconut Qingbuliang",-17.90,"Food","Alipay","Guilin","Core","delivery"
84,"2026-06-15 09:18:10","Yangshuo Sudder Street Guesthouse",-174.00,"Accommodation","Alipay","Yangshuo","Core","3 nights (Jun16-18, 58/night)"
85,"2026-06-15 10:08:12","Lufen Wang Rice Noodles",-7.00,"Food","Alipay","Guilin","Core",""
86,"2026-06-15 10:34:44","Guilin Youhao Duo Supermarket",-4.78,"Food","Alipay","Guilin","Core",""
87,"2026-06-15 14:58:28","Hellobike (e-bike)",-6.00,"Transport","Alipay","Guilin","Core",""
88,"2026-06-15 18:00:26","LxL (food)",-1.00,"Food","Alipay","Guilin","Core",""
89,"2026-06-15 22:25:46","Guilin Xingyijia Supermarket",-6.50,"Food","Alipay","Guilin","Core",""
90,"2026-06-16 09:11:58","Xi'an Snacks",-15.00,"Food","Alipay","Yangshuo","Core",""
91,"2026-06-16 00:00:00","Transport (An)",-50.00,"Intercity Transport","Alipay","Yangshuo","Irregular","Guilin → Yangshuo (arrived Jun 16)"
92,"2026-06-16 14:40:54","Mixue Bingcheng",-4.76,"Food","Alipay","Yangshuo","Core",""
93,"2026-06-16 16:27:50","Haoxianglai Snacks",-10.13,"Food","Alipay","Yangshuo","Core",""
94,"2026-06-16 17:47:32","VPN Service",-4.19,"Subscription","Alipay","China","Irregular",""
95,"2026-06-17 20:03:17","Yangshuo Tuzu Rental",-35.00,"Transport","Alipay","Yangshuo","Core","e-bike rental for Jun17"
96,"2026-06-16 20:51:34","Fumanlou Beer Fish",-66.00,"Food","Alipay","Yangshuo","Core",""
97,"2026-06-16 21:15:08","Yuzi",-12.00,"Food","Alipay","Yangshuo","Core",""
98,"2026-06-18 20:03:17","Yangshuo Tuzu Rental",-35.00,"Transport","Alipay","Yangshuo","Core","e-bike rental for Jun18"
99,"2026-06-17 19:27:57","Weidangjia Beer Fish",-5.00,"Food","Alipay","Yangshuo","Core",""
100,"2026-06-17 18:53:55","Weidangjia Beer Fish",-30.00,"Food","Alipay","Yangshuo","Core",""
101,"2026-06-17 13:07:00","Fast Food",-40.00,"Food","Alipay","Yangshuo","Core",""
102,"2026-06-17 07:45:58","Xiaolian Youcha Baozi",-6.50,"Food","Alipay","Yangshuo","Core",""
103,"2026-06-18 09:24:09","Xiaolian Youcha Baozi",-8.00,"Food","Alipay","Yangshuo","Core",""
104,"2026-06-18 09:59:54","Dongyuan Mixiang Inn (food)",-4.00,"Food","Alipay","Yangshuo","Core",""
105,"2026-06-18 13:45:22","Dongyuan Mixiang Inn (food)",-4.00,"Food","Alipay","Yangshuo","Core",""
106,"2026-06-18 15:29:54","Shenshan Farmhouse",-18.00,"Food","Alipay","Yangshuo","Core",""
107,"2026-06-18 20:03:13","Meituan (Young 20 Years)",-30.40,"Food","Alipay","Yangshuo","Core","dinner delivery"
108,"2026-06-19 00:00:00","Dongyuan Mixiang Inn (transport)",-40.00,"Intercity Transport","Alipay","Guilin","Irregular","Yangshuo → Guilin (arrived Jun 19)"
109,"2026-06-19 10:36:03","Guilin Xingyijia Supermarket",-2.60,"Food","Alipay","Guilin","Core","snacks"
110,"2026-06-19 10:41:11","Travel Light Hostel",-37.00,"Accommodation","Alipay","Guilin","Core","night of Jun 19"
111,"2026-06-19 11:45:03","Wu (restaurant)",-28.00,"Food","Alipay","Guilin","Core",""
112,"2026-06-19 12:22:48","Mixue Bingcheng",-5.00,"Food","Alipay","Guilin","Core",""
113,"2026-06-19 15:15:30","Walmart (Food)",-32.78,"Food","Alipay","Guilin","Core","groceries"
114,"2026-06-19 19:18:51","LxL (laundry)",-15.00,"Laundry","Alipay","Guilin","Irregular",""
115,"2026-06-20 00:00:00","Railway 12306",-421.79,"Intercity Transport","Alipay","Kunming","Irregular","Guilin → Kunming (arrived Jun 20)"
116,"2026-06-19 21:09:53","Kunming Passing Clouds Hostel (Nanping Street)",-37.00,"Accommodation","Alipay","Kunming","Core","night of Jun 20"
117,"2026-06-19 15:15:30","Walmart (Underwear)",-49.00,"Shopping","Alipay","Guilin","Irregular","split from line 113"
118,"2026-06-20 08:39:28","Meiyijia (Guilin Station)",-37.30,"Food","Alipay","Guilin","Core",""
119,"2026-06-20 08:57:03","Fast Food",-41.30,"Food","Alipay","Guilin","Core",""
120,"2026-06-20 19:11:36","Kunming Metro",-7.00,"Transport","Alipay","Kunming","Core",""
121,"2026-06-21 08:44:27","Kunming Passing Clouds Hostel (Nanping Street)",-84.00,"Accommodation","Alipay","Kunming","Core","3 nights (Jun21-23, 28/night)"
122,"2026-06-21 11:19:02","Nancheng Mosque Food",-8.00,"Food","Alipay","Kunming","Core",""
123,"2026-06-21 11:43:39","Mixue Bingcheng (Wuhua)",-5.40,"Food","Alipay","Kunming","Core",""
124,"2026-06-21 11:57:14","Meituan (e-bike)",-2.50,"Transport","Alipay","Kunming","Core",""
125,"2026-06-21 11:58:56","Yuantong Temple",-6.00,"Activities","Alipay","Kunming","Irregular",""
126,"2026-06-21 13:14:10","Hellobike (e-bike)",-3.00,"Transport","Alipay","Kunming","Core",""
127,"2026-06-21 14:15:20","Decathlon (Kunming)",-179.69,"Shopping","Alipay","Kunming","Irregular",""
128,"2026-06-21 14:32:55","Weixianduo Bakery",-9.30,"Food","Alipay","Kunming","Core",""
129,"2026-06-21 15:37:24","Kunming Metro",-7.00,"Transport","Alipay","Kunming","Core",""
130,"2026-06-21 16:59:25","Kunming Metro",-7.00,"Transport","Alipay","Kunming","Core",""
131,"2026-06-21 18:58:24","Meituan (e-bike)",-2.50,"Transport","Alipay","Kunming","Core",""
132,"2026-06-21 21:30:48","Yunbaobao (restaurant)",-18.00,"Food","Alipay","Kunming","Core",""
133,"2026-06-21 21:41:59","Mixue Bingcheng",-4.00,"Food","Alipay","Kunming","Core",""
134,"2026-06-22 07:36:57","Metro Tangzixiang Station Convenience Store",-18.19,"Food","Alipay","Kunming","Core",""
135,"2026-06-22 08:36:32","Kunming Metro",-7.00,"Transport","Alipay","Kunming","Core",""
136,"2026-06-22 08:37:43","Railway 12306",-18.00,"Transport","Alipay","Kunming","Core","local train (Kunming area)"
137,"2026-06-22 10:39:27","Yunnan Stone Forest Tourism Group",-155.00,"Activities","Alipay","Kunming","Irregular",""
138,"2026-06-22 13:33:12","Yunnan Jiuyize Shilin",-3.00,"Food","Alipay","Kunming","Core",""
139,"2026-06-22 14:43:56","Railway 12306",-18.00,"Transport","Alipay","Kunming","Core","local train (Kunming area)"
140,"2026-06-22 16:41:28","Kunming Metro",-7.00,"Transport","Alipay","Kunming","Core",""
141,"2026-06-22 16:58:16","Meituan (e-bike)",-2.50,"Transport","Alipay","Kunming","Core",""
142,"2026-06-22 17:01:34","Fast Food",-34.00,"Food","Alipay","Kunming","Core",""
143,"2026-06-22 17:42:31","Hellobike (e-bike)",-3.00,"Transport","Alipay","Kunming","Core",""
144,"2026-06-22 18:16:08","Meituan (e-bike)",-3.50,"Transport","Alipay","Kunming","Core",""
145,"2026-06-22 09:39:31","Shilin Bus (A00223D)",-10.00,"Transport","WeChat","Kunming","Core",""
146,"2026-06-22 14:00:07","Shilin Bus (A06089D)",-10.00,"Transport","WeChat","Kunming","Core",""
147,"2026-06-23 17:57:32","Walmart (Kunming)",-29.98,"Food","Alipay","Kunming","Core","moved from Jun22"
148,"2026-06-24 00:00:00","Railway 12306",-163.00,"Intercity Transport","Alipay","Pu'er","Irregular","Kunming → Pu'er (arrived Jun 24)"
149,"2026-06-24 12:47:53","Caicai Boutique Stay Hostel",-34.00,"Accommodation","Alipay","Pu'er","Core","moved from Jun22"
150,"2026-06-23 11:11:46","Yunbaobao (restaurant)",-18.00,"Food","Alipay","Kunming","Core",""
151,"2026-06-23 21:27:49","Mixue Bingcheng",-7.90,"Food","Alipay","Kunming","Core",""
152,"2026-06-23 00:00:00","Kunming Passing Clouds Hostel (Nanping Street)",-28.00,"Accommodation","Alipay","Kunming","Core","prepaid from line 121 (night of Jun 23)"
153,"2026-06-24 09:07:41","Snack Store",-2.50,"Food","Alipay","Pu'er","Core",""
154,"2026-06-24 09:18:35","Metro Convenience Store",-4.50,"Food","Alipay","Kunming","Core",""
155,"2026-06-24 09:29:54","Kunming Metro",-2.00,"Transport","Alipay","Kunming","Core",""
156,"2026-06-24 09:43:06","Kunming Railway Station Service",-13.00,"Food","Alipay","Kunming","Core",""
157,"2026-06-24 13:42:54","Pu'er Bus",-2.00,"Transport","Alipay","Pu'er","Core",""
158,"2026-06-24 13:56:48","Pu'er Bus",-2.00,"Transport","Alipay","Pu'er","Core",""
159,"2026-06-24 15:45:07","Sishen Liangpin (e-bike)",-10.00,"Transport","Alipay","Pu'er","Core",""
160,"2026-06-24 16:44:29","Meituan (group buy)",-46.00,"Food","Alipay","Pu'er","Core",""
161,"2026-06-24 20:34:40","Sishen Liangpin (e-bike)",-3.00,"Transport","Alipay","Pu'er","Core",""
162,"2026-06-24 20:39:00","Caicai Boutique Stay Hostel",-62.00,"Accommodation","Alipay","Pu'er","Core","2 nights (Jun25-26, 31/night)"
163,"2026-06-25 08:53:41","Sishen Liangpin (e-bike)",-28.00,"Transport","Alipay","Pu'er","Core",""
164,"2026-06-25 10:03:59","Walmart (Pu'er)",-28.17,"Food","Alipay","Pu'er","Core",""
165,"2026-06-25 18:40:13","Tastine Chinese Burger",-25.20,"Food","Alipay","Pu'er","Core",""
166,"2026-06-25 20:57:42","Mixue Bingcheng",-6.90,"Food","Alipay","Pu'er","Core",""
167,"2026-06-26 08:29:42","Pencil (game top‑up)",-1.46,"Subscription","Alipay","Pu'er","Irregular",""
168,"2026-06-27 00:00:00","Railway 12306",-292.52,"Intercity Transport","Alipay","Dali","Irregular","Pu'er → Dali (arrived Jun 27)"
169,"2026-06-26 09:36:11","Sishen Liangpin (e-bike)",-28.00,"Transport","Alipay","Pu'er","Core",""
170,"2026-06-26 09:56:39","Qiahuo Puzi (snacks)",-15.90,"Food","Alipay","Pu'er","Core",""
171,"2026-06-26 14:31:49","Meituan (food)",-18.90,"Food","Alipay","Pu'er","Core",""
172,"2026-06-26 20:58:31","Meituan (food)",-21.90,"Food","Alipay","Pu'er","Core",""
173,"2026-06-27 15:49:23","Dali Backpacker Hostel",-39.00,"Accommodation","Alipay","Dali","Core","night of Jun 27"
174,"2026-06-27 07:46:16","Didi (ride)",-8.05,"Transport","Alipay","Dali","Core",""
175,"2026-06-27 07:49:33","Convenience Store",-14.00,"Food","Alipay","Dali","Core",""
176,"2026-06-27 14:39:52","Dali Bus",-3.00,"Transport","Alipay","Dali","Core",""
177,"2026-06-27 15:49:33","Didi (ride)",-7.70,"Transport","Alipay","Dali","Core",""
178,"2026-07-02 00:00:00","Railway 12306",-23.50,"Intercity Transport","Alipay","Lijiang","Irregular","Dali → Lijiang (arrived Jul 2)"
179,"2026-06-27 18:06:38","Dali Guihua Gao (snack)",-12.00,"Food","Alipay","Dali","Core",""
180,"2026-06-27 19:58:20","Xunwei Dali (restaurant)",-63.00,"Food","Alipay","Dali","Core",""
181,"2026-06-27 21:06:05","Mixue Bingcheng",-2.00,"Food","Alipay","Dali","Core",""
182,"2026-06-28 09:37","Quanyi Car Rental (e‑bike)",-50.00,"Transport","WeChat","Dali","Core","net cost (deposit removed)"
183,"2026-06-28","Haizi Hua Kuaiti (food)",-43.00,"Food","WeChat","Dali","Core",""
184,"2026-06-28 09:57:11","Dali Backpacker Hostel",-102.00,"Accommodation","Alipay","Dali","Core","3 nights (Jun28-30, 34/night)"
185,"2026-06-28 11:04:12","Lingxi Henghai (snacks)",-19.10,"Food","Alipay","Dali","Core",""
186,"2026-06-28 11:10:40","Guizhou Po Su Baozi",-4.00,"Food","Alipay","Dali","Core",""
187,"2026-06-28 16:37:36","Meiyijia (raincoat)",-20.00,"Shopping","Alipay","Dali","Irregular","raincoat"
188,"2026-06-28 19:13:34","Asa (restaurant)",-35.00,"Food","Alipay","Dali","Core",""
189,"2026-06-29 12:15:27","Chihutang (rice bowl)",-26.90,"Food","Alipay","Dali","Core",""
190,"2026-06-30 07:55:51","Meiyijia (Dali)",-4.00,"Food","Alipay","Dali","Core",""
191,"2026-06-30 08:10:06","Dianye Shiyun (restaurant)",-5.00,"Food","Alipay","Dali","Core",""
192,"2026-06-30 10:42:12","Mixue Bingcheng",-5.00,"Food","Alipay","Dali","Core",""
193,"2026-06-30 15:06:13","Olly (lunch)",-68.50,"Food","Alipay","Dali","Core",""
194,"2026-06-30 18:13:03","Tingyuan Book Cafe",-20.00,"Food","Alipay","Dali","Core",""
195,"2026-06-30 19:22:31","Hotpot Convenience Store",-16.00,"Food","Alipay","Dali","Core",""
196,"2026-06-30 20:12:30","Meiyijia (Dali)",-7.00,"Food","Alipay","Dali","Core",""
197,"2026-07-01 21:39:41","Dali Backpacker Hostel",-34.00,"Accommodation","Alipay","Dali","Core","extension – night of Jul 1"
198,"2026-07-01 11:42:35","Shufang Restaurant",-24.00,"Food","Alipay","Dali","Core",""
199,"2026-07-01 11:44:05","Mixue Bingcheng",-5.00,"Food","Alipay","Dali","Core",""
200,"2026-07-01 15:02:21","Yunnan Lvwu Tong (attraction)",-75.00,"Activities","Alipay","Dali","Irregular","sightseeing ticket"
201,"2026-07-01 20:26:17","Magical (hotpot – share)",-84.50,"Food","Alipay","Dali","Core","dinner – shared hotpot"
202,"2026-07-01 20:55:27","Yunnan Jiahua Food",-12.00,"Food","Alipay","Dali","Core",""
203,"2026-07-02 08:17:32","Zhiyu Youth Hostel (Lijiang Ancient City)",-25.00,"Accommodation","Alipay","Lijiang","Core","night of Jul 2"
204,"2026-07-02 10:46:34","Dali Bus",-3.00,"Transport","Alipay","Dali","Core",""
205,"2026-07-02 11:36:40","Fast Food",-50.00,"Food","Alipay","Dali","Core",""
206,"2026-07-02 16:10:16","Lijiang Bus",-8.00,"Transport","Alipay","Lijiang","Core",""
207,"2026-07-02 18:33:38","Zhiyu Youth Hostel (laundry)",-5.00,"Laundry","Alipay","Lijiang","Irregular",""
208,"2026-07-03 18:37:10","Zhiyu Youth Hostel (Lijiang Ancient City)",-50.00,"Accommodation","Alipay","Lijiang","Core","2 nights (Jul 3-4, 25/night)"
209,"2026-07-02 20:09:43","Tastine Chinese Burger",-25.20,"Food","Alipay","Lijiang","Core",""
210,"2026-07-02 20:49:59","Meiyijia (mosquito repellent)",-27.50,"Shopping","Alipay","Lijiang","Irregular","mosquito repellent"
211,"2026-07-03 08:49:48","Hangzhou Xiaolongbao",-10.00,"Food","WeChat","Lijiang","Core",""
212,"2026-07-03 09:35:01","Likerong Supermarket",-14.00,"Shopping","Alipay","Lijiang","Irregular","tissue paper & toothpaste"
213,"2026-07-03 12:39:47","Zigong Sichuan Restaurant",-28.00,"Food","Alipay","Lijiang","Core",""
214,"2026-07-03 14:06:33","My Mantou (snack)",-6.00,"Food","Alipay","Lijiang","Core",""
215,"2026-07-03 15:24:37","Meituan (e‑bike)",-5.00,"Transport","Alipay","Lijiang","Core",""
216,"2026-07-03 15:39:16","Hellobike (e‑bike)",-3.00,"Transport","Alipay","Lijiang","Core",""
217,"2026-07-03 16:13:45","Hellobike (e‑bike)",-4.00,"Transport","Alipay","Lijiang","Core",""
218,"2026-07-03 19:07:28","Hellobike (e‑bike)",-3.00,"Transport","Alipay","Lijiang","Core",""
219,"2026-07-03 20:10:59","Chihutang (rice bowl)",-23.80,"Food","Alipay","Lijiang","Core",""
220,"2026-07-03 20:18:33","Hellobike (e‑bike)",-3.00,"Transport","Alipay","Lijiang","Core",""
221,"2026-07-04 09:18:05","Hellobike (e‑bike)",-3.00,"Transport","Alipay","Lijiang","Core",""
222,"2026-07-05 00:00:00","Lijiang Bus Station",-36.00,"Transport","Alipay","Lijiang","Core","bus to Tiger Leaping Gorge (prepaid Jul 4, travel Jul 5)"
223,"2026-07-04 11:00:14","Zhazha Mixian (restaurant)",-48.00,"Food","Alipay","Lijiang","Core",""
224,"2026-07-04 11:44:17","Mixue Bingcheng",-5.00,"Food","Alipay","Lijiang","Core",""
225,"2026-07-04 13:45:00","Hellobike (e‑bike)",-3.00,"Transport","Alipay","Lijiang","Core",""
226,"2026-07-04 17:46:57","Chihutang (rice bowl)",-25.90,"Food","Alipay","Lijiang","Core",""
227,"2026-07-05 00:00:00","Lan (food)",-27.00,"Food","Alipay","Lijiang","Core","prepaid food for Jul 5"
228,"2026-07-05 07:13:52","Hellobike (e‑bike)",-3.00,"Transport","Alipay","Lijiang","Core",""
229,"2026-07-05 09:39:50","Kaixin (food)",-20.00,"Food","Alipay","Lijiang","Core",""
230,"2026-07-05 12:08:50","Naxi Yage Inn (food)",-15.00,"Food","Alipay","Lijiang","Core",""
231,"2026-07-05 17:29:42","Halfway Guesthouse (Tiger Leaping Gorge)",-83.00,"Accommodation","Alipay","Lijiang","Core","night of Jul 5"
232,"2026-07-05 19:30:05","Halfway Restaurant",-60.00,"Food","Alipay","Lijiang","Core",""
233,"2026-07-05 21:52:50","Halfway Vending Machine",-4.00,"Food","Alipay","Lijiang","Core",""
234,"2026-07-05 15:52:56","Tiger Leaping Gorge Mountain Farmstay",-4.00,"Food","Alipay","Lijiang","Core",""
235,"2026-07-06 07:56:59","Tigerbucks Coffee (Halfway)",-30.00,"Food","Alipay","Lijiang","Core",""
236,"2026-07-06 12:33:20","Tina's (shuttle)",-50.00,"Transport","Alipay","Lijiang","Core",""
237,"2026-07-06 12:41:20","Qiya Coffee",-38.00,"Food","Alipay","Lijiang","Core",""
238,"2026-07-06 16:03:44","Hellobike (e‑bike)",-3.00,"Transport","Alipay","Lijiang","Core",""
239,"2026-07-06 16:06:40","Zhiyu Youth Hostel (Lijiang Ancient City)",-25.00,"Accommodation","Alipay","Lijiang","Core","night of Jul 6"
240,"2026-07-07 00:00:00","Shanghai Hecheng (Shangri-La)",-29.00,"Accommodation","Alipay","Shangri-La","Core","night of Jul 7"
241,"2026-07-07 00:00:00","Railway 12306",-56.00,"Intercity Transport","Alipay","Lijiang","Irregular","Lijiang → Shangri-La"
242,"2026-07-06 20:41:28","Mixue Bingcheng",-5.00,"Food","Alipay","Lijiang","Core",""
243,"2026-07-06 22:07:18","Lingxi Henghai (snacks)",-6.90,"Food","Alipay","Lijiang","Core",""
244,"2026-07-06 22:17:57","Hellobike (e‑bike)",-3.00,"Transport","Alipay","Lijiang","Core",""
245,"2026-07-06 00:00:00","Olly (dinner transfer)",-51.50,"Food","WeChat","Lijiang","Core","dinner (transfer made Jul 7)"
246,"2026-07-07 11:37:05","Lijiang Bus",-5.00,"Transport","Alipay","Lijiang","Core",""
247,"2026-07-07 12:17:44","Fast Food",-64.40,"Food","Alipay","Lijiang","Core",""
248,"2026-07-07 14:31:35","Shangri-La Bus",-2.00,"Transport","Alipay","Shangri-La","Core",""
249,"2026-07-07 17:29:41","Huayun Youxian Supermarket",-17.30,"Food","Alipay","Shangri-La","Core",""
250,"2026-07-07 19:57:55","Food vendor (local)",-80.00,"Food","Alipay","Shangri-La","Core",""
251,"2026-07-07 20:19:52","Zhu Zhenzhen",-8.00,"Food","Alipay","Shangri-La","Core",""
252,"2026-07-08 08:41:46","Shanghai Hecheng (Yaju Hostel)",-34.00,"Accommodation","Alipay","Shangri-La","Core","night of Jul 8"
253,"2026-07-08 10:17:04","Shangri-La Bus",-2.00,"Transport","Alipay","Shangri-La","Core",""
254,"2026-07-08 10:55:20","Songzanlin Temple (ticket)",-75.00,"Activities","Alipay","Shangri-La","Irregular",""
255,"2026-07-08 14:33:21","Napa Lake (entrance fee)",-30.00,"Activities","Alipay","Shangri-La","Irregular",""
256,"2026-07-08 18:41:09","Chuandianji Hotpot",-95.00,"Food","Alipay","Shangri-La","Core",""
257,"2026-07-08 14:06:05","Baojiang Tofu & Stone Flower",-62.00,"Food","WeChat","Shangri-La","Core",""
258,"2026-07-09 10:04:57","Xuanyuan Inn",-140.00,"Accommodation","Alipay","Shangri-La","Core","4 nights (Jul 9-12, 35/night)"
259,"2026-07-09 10:15:02","Hongfeng Supermarket",-3.50,"Food","Alipay","Shangri-La","Core",""
260,"2026-07-09 11:08:23","Xiangjian Cultural Tourism",-9.00,"Activities","Alipay","Shangri-La","Irregular",""
261,"2026-07-09 13:43:13","Minzhulamu Tibetan Restaurant",-106.00,"Food","Alipay","Shangri-La","Core",""
262,"2026-07-09 19:22:13","W (dinner)",-31.00,"Food","Alipay","Shangri-La","Core",""
263,"2026-07-09 19:24:39","Meiyijia (Shangri-La)",-4.00,"Food","Alipay","Shangri-La","Core",""
264,"2026-07-10 08:08:35","Hongfeng Supermarket",-20.00,"Food","Alipay","Shangri-La","Core",""
265,"2026-07-10 08:14:44","Muse Weiliang (e-bike)",-50.00,"Transport","Alipay","Shangri-La","Core",""
266,"2026-07-10 16:51:41","Meiyijia (Shangri-La)",-4.00,"Food","Alipay","Shangri-La","Core",""
267,"2026-07-10 20:31:45","Mosheng (dinner)",-47.00,"Food","Alipay","Shangri-La","Core",""
268,"2026-07-10 21:05:22","Mixue Bingcheng",-5.00,"Food","WeChat","Shangri-La","Core",""
269,"2026-07-11 13:04:16","Maji Amo Tibetan Restaurant",-54.00,"Food","Alipay","Shangri-La","Core",""
270,"2026-07-11 13:26:58","Wuding Coffee",-25.00,"Food","Alipay","Shangri-La","Core",""
271,"2026-07-11 18:42:07","Hongfeng Supermarket",-5.00,"Food","Alipay","Shangri-La","Core",""
272,"2026-07-11 19:31:44","W (dinner)",-26.00,"Food","Alipay","Shangri-La","Core",""
273,"2026-07-12 11:16:55","Muzi Muzui Japanese Bakery",-20.00,"Food","Alipay","Shangri-La","Core",""
274,"2026-07-12 11:36:19","Roof Coffee",-25.00,"Food","Alipay","Shangri-La","Core",""
275,"2026-07-12 17:23:51","Fast Food",-40.00,"Food","Alipay","Shangri-La","Core",""
276,"2026-07-12 19:40:53","VPN Service",-6.83,"Subscription","Alipay","Shangri-La","Irregular",""
277,"2026-07-13 00:00:00","Youshipin Supermarket",-41.60,"Food","Alipay","Yading","Core","prepaid Jul 12"
278,"2026-07-13 07:50:00","Diqing Bus",-151.00,"Intercity Transport","WeChat","Yading","Irregular","Shangri-La → Yading (prepaid Jul 12)"
279,"2026-07-13 14:41:40","Yading Online Tourism",-156.00,"Activities","WeChat","Yading","Irregular","park entrance ticket"
280,"2026-07-13 19:29:21","Zeren Zhuoma Local Products",-15.00,"Shopping","WeChat","Yading","Irregular","oxygen canister"
281,"2026-07-13 19:10:20","Qiangge Xian Tang Mixian",-20.00,"Food","Alipay","Yading","Core","dinner"
282,"2026-07-13 19:15:10","Mixue Bingcheng",-5.00,"Food","Alipay","Yading","Core","drink"
283,"2026-07-16 00:00:00","Xiang (bus)",-130.00,"Intercity Transport","Alipay","Litang","Irregular","Yading → Litang (prepaid Jul 13)"
284,"2026-07-13 14:06:46","Wang Erjia Handicraft",-75.00,"Accommodation","Alipay","Yading","Core","night of Jul 13"
285,"2026-07-13 20:03:49","Wang Erjia Handicraft",-150.00,"Accommodation","Alipay","Yading","Core","prepaid for Jul 14 & 15 (2 nights, 75/night)"
286,"2026-07-14 07:39:26","Hangzhou Xiaolongbao",-30.00,"Food","Alipay","Yading","Core","breakfast"
287,"2026-07-14 07:58:40","Zhong Dao (taxi)",-20.00,"Transport","WeChat","Yading","Core","taxi"
288,"2026-07-14 18:59:58","Zhong Dao (taxi)",-10.00,"Transport","WeChat","Yading","Core","taxi"
289,"2026-07-14 19:03:20","Haoxianglai Snacks",-9.90,"Food","Alipay","Yading","Core",""
290,"2026-07-14 20:26:34","Qiangge Xian Tang Mixian",-20.00,"Food","Alipay","Yading","Core","dinner"
291,"2026-07-14 20:27:42","Mixue Bingcheng",-5.00,"Food","Alipay","Yading","Core",""
292,"2026-07-15 18:14:52","Qingzhou Xiaocai (porridge)",-30.00,"Food","Alipay","Yading","Core","dinner"